﻿id,category,subcategory,skill,title,created_at,published_at,date,start_hour,price_per_hour,nb_hours,country,department,region,city_name,city_zip_code,nb_jobbers,accepted_at,booked_at,terminated_at,terminated_state,cancel_reason,end_date,postulated_at,paid_at,canceled_at,price_per_hour_published,price_per_hour_postulated,nb_hours-2,extra_hours,remuneration_paid,state,subcategory-2,category-2,skill-2,country-2,region-2,department-2
20802850,Ménage,Ménage à domicile,Ménage,Ménage à domicile,2024-06-30 09:37:33.817518,2024-06-30 09:37:33.813797,05.07.2024,16.00,24.00,2.00,ch,Lausanne,Vaud,Lausanne,1012,1,2024-06-30 09:37:33.813786,NULL,2024-07-05 14:00:07.926619,NULL,NULL,NULL,2024-06-30 09:41:40.713781,NULL,NULL,24.00,25.00,2.00,NULL,NULL,POSTULATED,Ménage à domicile,Ménage,Ménage,ch,Vaud,Lausanne
17162048,Animaux,Garde d'autres animaux,Garde d'animaux,Garde d'autres animaux,2024-06-30 08:59:18.929964,2024-06-30 08:59:18.926219,22.07.2024,NULL,24.00,NULL,ch,Morges,Vaud,Saint-Prex,1162,1,2024-06-30 08:59:18.926203,NULL,2024-06-30 12:39:55.492177,NULL,NULL,09.08.2024,2024-06-30 08:59:59.345305,NULL,NULL,24.00,24.00,NULL,NULL,NULL,POSTULATED,Garde d'autres animaux,Animaux,Garde d'animaux,ch,Vaud,Morges
18605106,Aménagement,Montage de meubles IKEA,Petit bricolage,Montage de meubles IKEA,2024-07-01 15:43:29.841403,2024-07-01 15:43:29.827581,06.07.2024,13.00,29.00,6.00,ch,La Riviera-Pays-d'Enhaut,Vaud,Vevey,1800,1,2024-07-01 15:43:29.827564,NULL,2024-07-06 11:00:09.312053,NULL,NULL,NULL,2024-07-01 15:43:31.584324,NULL,NULL,29.00,28.00,6.00,NULL,NULL,POSTULATED,Montage de meubles IKEA,Aménagement,Petit bricolage,ch,Vaud,La Riviera-Pays-d'Enhaut
15388333,Entretien de la pelouse,Désherbage,Petit jardinage,Désherbage,2024-06-29 15:54:05.243303,2024-06-29 15:54:05.239852,10.07.2024,13.50,24.00,3.00,ch,Lausanne,Vaud,Epalinges,1066,1,2024-06-29 15:54:05.239842,NULL,2024-07-10 12:00:08.323086,NULL,NULL,NULL,2024-06-29 15:54:24.547053,NULL,NULL,24.00,24.00,3.00,NULL,NULL,POSTULATED,Désherbage,Entretien de la pelouse,Petit jardinage,ch,Vaud,Lausanne
15492907,Animaux,Garde de chat,Garde d'animaux,Garde de chat,2024-06-30 04:33:13.436501,2024-06-30 04:33:13.405948,16.07.2024,NULL,24.00,NULL,ch,Lausanne,Vaud,Romanel-sur-Lausanne,1032,1,2024-06-30 04:33:13.405934,NULL,2024-07-17 00:00:05.587728,NULL,NULL,25.07.2024,2024-06-30 04:33:34.271798,NULL,NULL,24.00,24.00,NULL,NULL,NULL,POSTULATED,Garde de chat,Animaux,Garde d'animaux,ch,Vaud,Lausanne
15177565,Aménagement,Montage de meubles IKEA,Petit bricolage,Montage de meubles IKEA,2024-06-26 17:17:46.690825,2024-06-26 17:17:46.687113,01.07.2024,14.50,29.00,4.00,ch,Lausanne,Vaud,Lausanne,1005,1,2024-06-26 17:17:46.687099,NULL,2024-07-01 13:00:08.517147,NULL,NULL,NULL,2024-06-26 17:18:18.685174,NULL,NULL,29.00,28.00,4.00,NULL,NULL,POSTULATED,Montage de meubles IKEA,Aménagement,Petit bricolage,ch,Vaud,Lausanne
16472535,Ménage,Ménage à domicile,Ménage,Ménage à domicile,2024-06-26 00:47:23.159121,2024-06-26 00:47:23.155579,03.07.2024,16.00,24.00,2.00,ch,Lausanne,Vaud,Lausanne,1004,1,2024-06-26 00:47:23.155567,2024-06-30 20:05:51.768099,2024-07-03 17:08:25.743103,PAID,NULL,NULL,2024-06-26 00:48:04.049011,NULL,NULL,24.00,25.00,2.00,NULL,NULL,POSTULATED,Ménage à domicile,Ménage,Ménage,ch,Vaud,Lausanne
20801588,Ménage,Ménage à domicile,Ménage,Ménage à domicile,2024-06-20 18:15:03.29533,2024-06-20 18:15:03.287469,09.07.2024,14.00,24.00,2.00,ch,Lausanne,Vaud,Lausanne,1004,1,2024-06-20 18:15:03.287452,NULL,2024-07-08 09:41:37.639682,NULL,NULL,NULL,2024-06-20 18:15:05.072317,NULL,NULL,24.00,25.00,2.00,NULL,NULL,POSTULATED,Ménage à domicile,Ménage,Ménage,ch,Vaud,Lausanne
15429312,Équipements extérieurs,Nettoyage de terrasse,Entretien des extérieurs,Nettoyage de terrasse,2024-06-30 17:05:45.989149,2024-06-30 17:05:45.985418,06.07.2024,14.00,29.00,3.00,ch,Morges,Vaud,Morges,1110,1,2024-06-30 17:05:45.985404,2024-07-01 06:43:04.334918,2024-07-13 14:34:32.070867,PAID,NULL,NULL,2024-06-30 17:06:10.203529,NULL,NULL,29.00,27.00,3.00,NULL,NULL,POSTULATED,Nettoyage de terrasse,Équipements extérieurs,Entretien des extérieurs,ch,Vaud,Morges
20801457,Ménage,Ménage à domicile,Ménage,Ménage à domicile,2024-08-07 23:20:37.960804,2024-08-07 23:20:37.956859,09.09.2024,10.50,24.00,1.00,ch,L'Ouest Lausannois,Vaud,Prilly,1008,1,2024-08-07 23:20:37.956845,NULL,2024-08-18 21:05:14.000125,NULL,NULL,NULL,2024-08-07 23:20:39.747008,NULL,NULL,24.00,27.00,1.00,NULL,NULL,POSTULATED,Ménage à domicile,Ménage,Ménage,ch,Vaud,L'Ouest Lausannois
14587924,Ménage,Ménage à domicile,Ménage,Ménage à domicile,2024-05-20 10:20:22.834522,2024-05-20 10:20:22.830514,03.06.2024,10.00,24.00,3.00,ch,Lausanne,Vaud,Lausanne,1006,1,2024-05-20 10:20:22.830501,2024-05-26 08:25:01.824325,2024-06-02 18:54:08.23133,CANCELED,CANCEL_CUSTOMER_CAUSE_JOBBER,NULL,2024-05-20 10:20:24.439442,NULL,NULL,24.00,24.00,3.00,NULL,NULL,POSTULATED,Ménage à domicile,Ménage,Ménage,ch,Vaud,Lausanne
14413278,Ménage,Ménage à domicile,Ménage,Ménage à domicile,2024-05-15 18:00:58.745596,2024-05-15 18:00:58.732604,25.05.2024,18.00,24.00,1.00,ch,Lausanne,Vaud,Lausanne,1004,1,2024-05-15 18:00:58.732594,NULL,2024-05-25 16:00:05.229872,NULL,NULL,NULL,2024-05-15 18:11:37.502786,NULL,NULL,24.00,25.00,1.00,NULL,NULL,POSTULATED,Ménage à domicile,Ménage,Ménage,ch,Vaud,Lausanne
14588221,Animaux,Garde de chat,Garde d'animaux,Garde de chat,2024-05-21 16:21:07.76312,2024-05-21 16:21:07.749102,25.05.2024,NULL,24.00,12.00,ch,Lausanne,Vaud,Lausanne,1005,1,2024-05-21 16:21:07.749089,2024-05-21 17:20:55.403076,2024-06-03 08:15:25.572295,PAID,NULL,01.06.2024,2024-05-21 16:21:22.911976,NULL,NULL,24.00,24.00,12.00,NULL,NULL,POSTULATED,Garde de chat,Animaux,Garde d'animaux,ch,Vaud,Lausanne
16472014,Enfants,Garde ponctuelle,Garde d'enfants,Garde ponctuelle,2024-05-27 20:55:37.401361,2024-05-27 20:55:37.395707,12.06.2024,19.00,24.00,4.00,ch,Lausanne,Vaud,Lausanne,1006,1,2024-05-27 20:55:37.395692,NULL,2024-06-12 17:00:06.627984,NULL,NULL,NULL,2024-05-27 20:56:03.119405,NULL,NULL,24.00,24.00,4.00,NULL,NULL,POSTULATED,Garde ponctuelle,Enfants,Garde d'enfants,ch,Vaud,Lausanne
18408156,Enfants,"Garde week-end, vacances",Garde d'enfants,"Garde week-end, vacances",2024-05-18 13:08:36.192493,2024-05-18 13:08:36.177923,08.07.2024,NULL,24.00,NULL,ch,Lausanne,Vaud,Lausanne,1004,1,2024-05-18 13:08:36.177909,NULL,2024-07-09 00:00:05.398851,NULL,NULL,11.07.2024,2024-05-18 13:09:02.06041,NULL,NULL,24.00,24.00,NULL,NULL,NULL,POSTULATED,"Garde week-end, vacances",Enfants,Garde d'enfants,ch,Vaud,Lausanne
14001293,Aménagement,Montage de lit,Petit bricolage,Montage de lit,2024-04-28 15:28:32.523723,2024-04-28 17:11:07.824716,03.05.2024,14.00,29.00,1.50,ch,Nyon,Vaud,Nyon,1260,1,2024-04-28 17:11:07.8247,NULL,2024-05-03 12:00:07.896961,NULL,NULL,NULL,2024-04-28 17:11:30.276842,NULL,NULL,29.00,28.00,1.50,NULL,NULL,POSTULATED,Montage de lit,Aménagement,Petit bricolage,ch,Vaud,Nyon
15324627,Animaux,Garde de chat,Garde d'animaux,Garde de chat,2024-06-30 20:05:53.740128,2024-06-30 20:05:53.727133,07.08.2024,NULL,24.00,NULL,ch,Morges,Vaud,Yens,1169,1,2024-06-30 20:05:53.727117,NULL,2024-07-08 05:27:04.939016,NULL,NULL,12.08.2024,2024-06-30 20:06:09.348043,NULL,NULL,24.00,24.00,NULL,NULL,NULL,POSTULATED,Garde de chat,Animaux,Garde d'animaux,ch,Vaud,Morges
18273212,Ménage,Ménage à domicile,Ménage,Ménage à domicile,2024-08-08 05:17:27.760471,2024-08-08 05:17:27.747335,08.08.2024,13.00,24.00,3.00,ch,Ouest lausannois,Vaud,Bussigny,1030,1,2024-08-08 05:17:27.747322,NULL,2024-08-08 11:00:10.263397,NULL,NULL,NULL,2024-08-08 05:48:34.66617,NULL,NULL,24.00,27.00,3.00,NULL,NULL,POSTULATED,Ménage à domicile,Ménage,Ménage,ch,Vaud,Ouest lausannois
16668794,Animaux,Garde d'autres animaux,Garde d'animaux,Garde des oiseaux ( calopsites),2024-07-01 13:39:17.772365,2024-07-01 13:39:17.752177,29.07.2024,NULL,24.00,NULL,ch,Morges,Vaud,Denges,1026,1,2024-07-01 13:39:17.752155,NULL,2024-07-30 00:00:06.798843,NULL,NULL,09.08.2024,2024-07-01 13:40:00.286155,NULL,NULL,24.00,24.00,NULL,NULL,NULL,POSTULATED,Garde d'autres animaux,Animaux,Garde d'animaux,ch,Vaud,Morges
15447443,Animaux,Garde de chat,Garde d'animaux,Garde de chat,2024-05-25 16:22:32.285492,2024-05-25 16:22:32.282049,14.07.2024,NULL,24.00,6.00,ch,Morges,Vaud,Morges,1110,1,2024-05-25 16:22:32.282022,NULL,2024-07-15 00:00:05.765633,NULL,NULL,19.07.2024,2024-05-25 16:22:54.656314,NULL,NULL,24.00,24.00,6.00,NULL,NULL,POSTULATED,Garde de chat,Animaux,Garde d'animaux,ch,Vaud,Morges
18408226,Animaux,Garde de chat,Garde d'animaux,Garde de chat,2024-06-12 11:42:25.972116,2024-06-12 11:42:25.957787,21.06.2024,NULL,24.00,25.00,ch,Lausanne,Vaud,Lausanne,1007,1,2024-06-12 11:42:25.957773,NULL,2024-06-22 00:00:05.568223,NULL,NULL,15.07.2024,2024-06-12 11:42:44.869257,NULL,NULL,24.00,24.00,25.00,NULL,NULL,POSTULATED,Garde de chat,Animaux,Garde d'animaux,ch,Vaud,Lausanne
18408211,Animaux,Garde de chat,Garde d'animaux,Garde de chat,2024-06-10 21:00:47.813037,2024-06-10 21:00:47.801994,28.06.2024,NULL,24.00,1.00,ch,Lausanne,Vaud,Lausanne,1010,1,2024-06-10 21:00:47.801977,NULL,2024-06-15 11:00:25.090231,NULL,NULL,29.06.2024,2024-06-10 21:01:00.483415,NULL,NULL,24.00,24.00,1.00,NULL,NULL,POSTULATED,Garde de chat,Animaux,Garde d'animaux,ch,Vaud,Lausanne
18408213,Animaux,Faire promener son chien,Garde d'animaux,Faire promener son chien,2024-06-11 09:17:28.60097,2024-06-11 09:17:28.597216,17.06.2024,NULL,24.00,1.00,ch,Lausanne,Vaud,Romanel-sur-Lausanne,1032,1,2024-06-11 09:17:28.5972,NULL,2024-06-12 12:43:18.940578,NULL,NULL,17.06.2024,2024-06-11 09:17:50.048948,NULL,NULL,24.00,24.00,1.00,NULL,NULL,POSTULATED,Faire promener son chien,Animaux,Garde d'animaux,ch,Vaud,Lausanne
17044104,Aide à domicile,Préparer des repas,Aide à la personne,Préparer des repas,2024-07-20 17:50:54.570002,2024-07-20 17:50:54.56616,29.07.2024,11.50,24.00,1.50,ch,Morges,Vaud,Tolochenaz,1131,1,2024-07-20 17:50:54.566145,NULL,2024-07-29 10:00:09.528179,NULL,NULL,NULL,2024-07-20 19:16:34.29301,NULL,NULL,24.00,25.00,1.50,NULL,NULL,POSTULATED,Préparer des repas,Aide à domicile,Aide à la personne,ch,Vaud,Morges
15750442,Ménage,Ménage à domicile,Ménage,Ménage à domicile,2024-07-20 18:31:38.777577,2024-07-20 18:31:38.773386,28.07.2024,11.50,24.00,1.00,ch,Lausanne,Vaud,Lausanne,1006,1,2024-07-20 18:31:38.773363,NULL,2024-07-28 10:00:09.354901,NULL,NULL,NULL,2024-07-20 19:17:43.906195,NULL,NULL,24.00,25.00,1.00,NULL,NULL,POSTULATED,Ménage à domicile,Ménage,Ménage,ch,Vaud,Lausanne
14394887,Animaux,Garde de chat,Garde d'animaux,Garde de chat,2024-05-06 08:45:57.144214,2024-05-06 08:45:57.140313,09.05.2024,NULL,24.00,8.00,ch,Lausanne,Vaud,Lausanne,1004,1,2024-05-06 08:45:57.140301,2024-05-06 09:23:05.273374,2024-05-24 18:52:09.328438,PAID,NULL,24.05.2024,2024-05-06 08:46:13.724616,NULL,NULL,24.00,24.00,8.00,NULL,NULL,POSTULATED,Garde de chat,Animaux,Garde d'animaux,ch,Vaud,Lausanne
15245296,Aménagement,Assemblage de meubles,Petit bricolage,Assemblage de meubles,2024-07-02 05:17:35.480344,2024-07-02 05:17:35.465383,04.07.2024,16.00,29.00,6.00,ch,Morges,Vaud,Saint-Prex,1162,1,2024-07-02 05:17:35.465364,NULL,2024-07-04 14:00:08.007904,NULL,NULL,NULL,2024-07-02 05:17:37.288431,NULL,NULL,29.00,28.00,6.00,NULL,NULL,POSTULATED,Assemblage de meubles,Aménagement,Petit bricolage,ch,Vaud,Morges
20803323,Ménage,Ménage à domicile,Ménage,Ménage à domicile,2024-07-20 21:28:21.834482,2024-07-20 21:28:21.828159,27.07.2024,12.00,24.00,2.00,ch,Lausanne,Vaud,Lausanne,1005,1,2024-07-20 21:28:21.828146,2024-07-23 08:27:13.754698,2024-07-27 12:13:14.28857,PAID,NULL,NULL,2024-07-20 21:29:06.441073,NULL,NULL,24.00,25.00,2.00,NULL,NULL,POSTULATED,Ménage à domicile,Ménage,Ménage,ch,Vaud,Lausanne
17961600,Ménage,Ménage à domicile,Ménage,Ménage à domicile,2024-05-06 12:42:41.912206,2024-05-06 12:42:41.908327,24.05.2024,16.00,24.00,2.00,ch,Lausanne,Vaud,Lausanne,1005,1,2024-05-06 12:42:41.908314,NULL,2024-05-13 11:55:24.14182,NULL,NULL,NULL,2024-05-06 13:50:52.13407,NULL,NULL,24.00,25.00,2.00,NULL,NULL,POSTULATED,Ménage à domicile,Ménage,Ménage,ch,Vaud,Lausanne
15676586,Aménagement,Montage de meubles IKEA,Petit bricolage,Montage de meubles IKEA,2024-07-22 21:26:54.658166,2024-07-22 21:26:54.647133,24.07.2024,11.00,29.00,2.00,ch,Lausanne,Vaud,Lausanne,1010,1,2024-07-22 21:26:54.647121,NULL,2024-07-24 09:00:08.469788,NULL,NULL,NULL,2024-07-22 21:26:56.490106,NULL,NULL,29.00,28.00,2.00,NULL,NULL,POSTULATED,Montage de meubles IKEA,Aménagement,Petit bricolage,ch,Vaud,Lausanne
13981995,Enfants,Garde ponctuelle,Garde d'enfants,Garde ponctuelle,2024-04-24 08:07:16.299981,2024-04-24 08:07:16.294897,24.04.2024,19.50,24.00,3.50,ch,Lausanne,Vaud,Lausanne,1007,1,2024-04-24 08:07:16.294882,NULL,2024-04-24 17:56:32.991631,NULL,NULL,NULL,2024-04-24 08:08:03.122727,NULL,NULL,24.00,24.00,3.50,NULL,NULL,POSTULATED,Garde ponctuelle,Enfants,Garde d'enfants,ch,Vaud,Lausanne
15237042,Animaux,Garde de chat,Garde d'animaux,Garde de chat,2024-05-28 19:49:57.667707,2024-05-28 19:49:57.663698,30.06.2024,NULL,24.00,1.00,ch,Lausanne,Vaud,Lausanne,1004,1,2024-05-28 19:49:57.663683,2024-06-07 11:11:15.435085,2024-07-04 14:03:41.676051,PAID,NULL,04.07.2024,2024-05-28 19:50:26.848886,NULL,NULL,24.00,24.00,1.00,NULL,NULL,POSTULATED,Garde de chat,Animaux,Garde d'animaux,ch,Vaud,Lausanne
16669301,Animaux,Garde de chat,Garde d'animaux,Garde de chat,2024-07-22 13:53:42.580487,2024-07-22 13:53:42.575326,01.08.2024,NULL,24.00,NULL,ch,Morges,Vaud,Morges,1110,1,2024-07-22 13:53:42.575312,NULL,2024-08-02 00:00:09.883529,NULL,NULL,03.08.2024,2024-07-22 13:53:56.05857,NULL,NULL,24.00,24.00,NULL,NULL,NULL,POSTULATED,Garde de chat,Animaux,Garde d'animaux,ch,Vaud,Morges
16669300,Animaux,Garde de chat,Garde d'animaux,Garde de chat,2024-07-22 13:51:05.736399,2024-07-22 13:51:05.721913,01.08.2024,NULL,24.00,NULL,ch,Morges,Vaud,Morges,1110,1,2024-07-22 13:51:05.7219,NULL,2024-08-02 00:00:09.856001,NULL,NULL,03.08.2024,2024-07-22 13:51:14.879566,NULL,NULL,24.00,24.00,NULL,NULL,NULL,POSTULATED,Garde de chat,Animaux,Garde d'animaux,ch,Vaud,Morges
16669273,Animaux,Garde d'autres animaux,Garde d'animaux,Garde d'autres animaux,2024-07-21 11:14:00.94998,2024-07-21 11:14:00.945011,26.07.2024,NULL,24.00,NULL,ch,Lavaux-Oron,Vaud,Pully,1009,1,2024-07-21 11:14:00.944999,NULL,2024-07-27 00:00:08.093597,NULL,NULL,16.08.2024,2024-07-21 12:01:28.276781,NULL,NULL,24.00,24.00,NULL,NULL,NULL,POSTULATED,Garde d'autres animaux,Animaux,Garde d'animaux,ch,Vaud,Lavaux-Oron
15636330,Enfants,Garde ponctuelle,Garde d'enfants,Garde ponctuelle,2024-07-22 17:23:44.736828,2024-07-22 17:23:44.724325,23.07.2024,18.00,26.00,12.00,ch,Morges,Vaud,Morges,1110,1,2024-07-22 17:23:44.72431,NULL,2024-07-22 19:44:18.155893,NULL,NULL,NULL,2024-07-22 17:24:07.41049,NULL,NULL,26.00,24.00,12.00,NULL,NULL,POSTULATED,Garde ponctuelle,Enfants,Garde d'enfants,ch,Vaud,Morges
16108977,Animaux,Garde de chat,Garde d'animaux,Garde de chat,2024-08-12 09:47:05.919913,2024-08-12 09:47:05.912362,13.08.2024,NULL,24.00,NULL,ch,Lausanne,Vaud,Lausanne,1004,1,2024-08-12 09:47:05.912346,NULL,2024-08-14 00:00:06.545997,NULL,NULL,13.08.2024,2024-08-12 09:47:14.283755,NULL,NULL,24.00,24.00,NULL,NULL,NULL,POSTULATED,Garde de chat,Animaux,Garde d'animaux,ch,Vaud,Lausanne
16086873,Animaux,Garde de chat,Garde d'animaux,Garde de chat,2024-08-11 18:21:41.426464,2024-08-11 18:21:41.421489,12.08.2024,NULL,24.00,NULL,ch,Lausanne,Vaud,Lausanne,1007,1,2024-08-11 18:21:41.421475,NULL,2024-08-13 00:00:08.193661,NULL,NULL,15.08.2024,2024-08-11 18:21:55.5568,NULL,NULL,24.00,24.00,NULL,NULL,NULL,POSTULATED,Garde de chat,Animaux,Garde d'animaux,ch,Vaud,Lausanne
16669342,Animaux,Garde de chat,Garde d'animaux,Garde de chat,2024-07-24 09:32:06.093534,2024-07-24 09:32:06.088858,15.08.2024,NULL,24.00,NULL,ch,Morges,Vaud,Morges,1110,1,2024-07-24 09:32:06.088843,2024-08-02 07:04:42.34757,NULL,NULL,NULL,17.08.2024,2024-07-24 09:32:47.750828,NULL,NULL,24.00,24.00,NULL,NULL,NULL,POSTULATED,Garde de chat,Animaux,Garde d'animaux,ch,Vaud,Morges
14963405,Aménagement,Montage de meubles IKEA,Petit bricolage,Montage de meubles IKEA,2024-06-21 09:27:02.755429,2024-06-21 09:27:02.748356,21.06.2024,16.00,29.00,1.00,ch,Morges,Vaud,Morges,1110,1,2024-06-21 09:27:02.748343,NULL,2024-06-21 14:00:08.25677,NULL,NULL,NULL,2024-06-21 09:27:40.490869,NULL,NULL,29.00,28.00,1.00,NULL,NULL,POSTULATED,Montage de meubles IKEA,Aménagement,Petit bricolage,ch,Vaud,Morges
18408191,Enfants,Garde ponctuelle,Garde d'enfants,Garde ponctuelle,2024-06-04 14:36:06.442775,2024-06-04 14:36:06.438824,21.06.2024,16.50,24.00,2.00,ch,Lausanne,Vaud,Lausanne,1005,1,2024-06-04 14:36:06.438811,NULL,2024-06-21 15:00:05.697012,NULL,NULL,NULL,2024-06-04 14:42:01.885746,NULL,NULL,24.00,24.00,2.00,NULL,NULL,POSTULATED,Garde ponctuelle,Enfants,Garde d'enfants,ch,Vaud,Lausanne
15534148,Aide à domicile,Préparer des repas,Aide à la personne,Préparer des repas,2024-06-14 09:27:44.365529,2024-06-14 09:28:02.62744,18.07.2024,18.00,24.00,1.50,ch,Lavaux-Oron,Vaud,Lutry,1095,1,2024-06-14 09:28:02.627421,NULL,2024-07-18 16:00:07.000505,NULL,NULL,NULL,2024-06-14 17:26:43.247568,NULL,NULL,24.00,24.00,1.50,NULL,NULL,POSTULATED,Préparer des repas,Aide à domicile,Aide à la personne,ch,Vaud,Lavaux-Oron
18408194,Entretien des espaces verts,Arrosage de plantes,Petit jardinage,Arrosage de plantes,2024-06-05 04:16:15.825146,2024-06-05 04:16:15.753112,08.07.2024,10.00,24.00,1.00,ch,Lausanne,Vaud,Lausanne,1003,1,2024-06-05 04:16:15.753094,NULL,2024-07-06 21:00:27.753556,NULL,NULL,NULL,2024-06-05 04:16:16.699785,NULL,NULL,24.00,24.00,1.00,NULL,NULL,POSTULATED,Arrosage de plantes,Entretien des espaces verts,Petit jardinage,ch,Vaud,Lausanne
15175011,Aménagement,Démontage de meubles,Petit bricolage,Démontage de meubles,2024-06-21 19:09:41.551109,2024-06-21 19:09:41.539901,29.06.2024,11.00,29.00,3.00,ch,Lavaux-Oron,Vaud,Pully,1009,1,2024-06-21 19:09:41.539886,2024-06-24 06:56:40.158301,2024-06-29 10:09:44.74887,PAID,NULL,NULL,2024-06-24 06:20:14.000457,NULL,NULL,29.00,28.00,3.00,NULL,NULL,POSTULATED,Démontage de meubles,Aménagement,Petit bricolage,ch,Vaud,Lavaux-Oron
15311154,Aménagement,Montage de meubles IKEA,Petit bricolage,Montage de meubles IKEA,2024-07-07 09:41:37.896795,2024-07-07 09:41:37.893321,07.07.2024,16.00,32.00,3.00,ch,Lavaux-Oron,Vaud,Puidoux,1070,1,2024-07-07 09:41:37.89331,NULL,2024-07-07 09:59:58.462793,NULL,NULL,NULL,2024-07-07 09:45:17.593049,NULL,NULL,32.00,28.00,3.00,NULL,NULL,POSTULATED,Montage de meubles IKEA,Aménagement,Petit bricolage,ch,Vaud,Lavaux-Oron
18408189,Aide à domicile,Maintien à domicile,Aide à la personne,Maintien à domicile,2024-06-04 12:51:10.668184,2024-06-04 12:51:10.658864,21.06.2024,16.00,24.00,3.00,ch,Lausanne,Vaud,Lausanne,1005,1,2024-06-04 12:51:10.65885,NULL,2024-06-21 14:00:06.805455,NULL,NULL,NULL,2024-06-04 12:55:46.591629,NULL,NULL,24.00,24.00,3.00,NULL,NULL,POSTULATED,Maintien à domicile,Aide à domicile,Aide à la personne,ch,Vaud,Lausanne
16669261,Animaux,Garde de chat,Garde d'animaux,Garde de chat,2024-07-20 18:11:25.149447,2024-07-20 18:11:25.145808,27.07.2024,NULL,24.00,NULL,ch,Lavaux-Oron,Vaud,Pully,1009,1,2024-07-20 18:11:25.145795,NULL,2024-07-28 00:00:07.58171,NULL,NULL,16.08.2024,2024-07-20 18:11:41.790013,NULL,NULL,24.00,24.00,NULL,NULL,NULL,POSTULATED,Garde de chat,Animaux,Garde d'animaux,ch,Vaud,Lavaux-Oron
16669022,Animaux,Garde de chat,Garde d'animaux,Garde de chat,2024-07-09 22:19:00.184398,2024-07-09 22:19:00.180618,27.07.2024,NULL,24.00,6.00,ch,Lausanne,Vaud,Lausanne,1004,1,2024-07-09 22:19:00.180591,2024-07-11 18:31:32.66751,2024-08-05 12:07:40.217573,PAID,NULL,04.08.2024,2024-07-09 22:20:02.526038,NULL,NULL,24.00,24.00,6.00,NULL,NULL,POSTULATED,Garde de chat,Animaux,Garde d'animaux,ch,Vaud,Lausanne
20801618,Ménage,Ménage à domicile,Ménage,Ménage à domicile,2024-06-18 12:10:15.704896,2024-06-18 12:10:15.699775,28.06.2024,14.00,24.00,1.50,ch,La Riviera-Pays-d'Enhaut,Vaud,Vevey,1800,1,2024-06-18 12:10:15.699762,NULL,2024-06-26 16:21:18.648157,NULL,NULL,NULL,2024-06-20 07:24:21.601055,NULL,NULL,24.00,25.00,1.50,NULL,NULL,POSTULATED,Ménage à domicile,Ménage,Ménage,ch,Vaud,La Riviera-Pays-d'Enhaut
16668687,Animaux,Garde de chat,Garde d'animaux,Garde de chat,2024-06-20 10:45:43.924331,2024-06-20 10:45:43.917817,28.06.2024,NULL,24.00,NULL,ch,Lausanne,Vaud,Lausanne,1007,1,2024-06-20 10:45:43.917802,NULL,2024-06-29 00:00:05.830589,NULL,NULL,15.07.2024,2024-06-20 10:45:54.789768,NULL,NULL,24.00,24.00,NULL,NULL,NULL,POSTULATED,Garde de chat,Animaux,Garde d'animaux,ch,Vaud,Lausanne
16668992,Animaux,Garde de chat,Garde d'animaux,Garde de chat,2024-07-09 06:11:48.576602,2024-07-09 06:11:48.570371,23.07.2024,NULL,24.00,NULL,ch,Lavaux-Oron,Vaud,Belmont-sur-Lausanne,1092,1,2024-07-09 06:11:48.570358,NULL,2024-07-24 00:00:05.069941,NULL,NULL,10.08.2024,2024-07-09 06:12:01.288567,NULL,NULL,24.00,24.00,NULL,NULL,NULL,POSTULATED,Garde de chat,Animaux,Garde d'animaux,ch,Vaud,Lavaux-Oron
15355834,Aménagement,Montage de lit,Petit bricolage,Mettre les vices pour que le lit tienne,2024-07-09 11:51:04.828692,2024-07-09 11:51:04.824201,09.07.2024,18.00,32.00,1.50,ch,L'Ouest Lausannois,Vaud,Ecublens,1024,1,2024-07-09 11:51:04.824185,NULL,2024-07-09 16:00:07.74371,NULL,NULL,NULL,2024-07-09 11:51:06.661875,NULL,NULL,32.00,28.00,1.50,NULL,NULL,POSTULATED,Montage de lit,Aménagement,Petit bricolage,ch,Vaud,L'Ouest Lausannois
15044830,Animaux,Faire promener son chien,Garde d'animaux,Faire promener son chien,2024-06-25 09:32:22.745678,2024-06-25 09:32:22.734799,28.06.2024,NULL,24.00,NULL,ch,Lausanne,Vaud,Lausanne,1018,1,2024-06-25 09:32:22.734783,NULL,2024-06-25 16:50:14.412156,NULL,NULL,01.07.2024,2024-06-25 09:32:53.365851,NULL,NULL,24.00,24.00,NULL,NULL,NULL,POSTULATED,Faire promener son chien,Animaux,Garde d'animaux,ch,Vaud,Lausanne
15127410,Animaux,Garde de chat,Garde d'animaux,Garde de chat,2024-06-25 12:50:57.811341,2024-06-25 12:50:57.807772,29.06.2024,NULL,24.00,NULL,ch,Lausanne,Vaud,Lausanne,1007,1,2024-06-25 12:50:57.807758,NULL,2024-06-30 00:00:06.86682,NULL,NULL,15.07.2024,2024-06-25 12:51:21.633772,NULL,NULL,24.00,24.00,NULL,NULL,NULL,POSTULATED,Garde de chat,Animaux,Garde d'animaux,ch,Vaud,Lausanne
16164215,Aménagement,Assemblage de meubles,Petit bricolage,Assemblage de meubles - Montage armoire et lit,2024-07-27 18:03:21.001268,2024-07-27 19:37:17.612937,05.08.2024,10.50,29.00,4.00,ch,L'Ouest Lausannois,Vaud,Ecublens,1024,1,2024-07-27 19:37:17.61292,2024-07-28 13:58:34.5613,2024-08-03 15:33:55.023603,PAID,NULL,NULL,2024-07-27 19:38:01.138126,NULL,NULL,29.00,30.00,4.00,NULL,NULL,POSTULATED,Assemblage de meubles,Aménagement,Petit bricolage,ch,Vaud,L'Ouest Lausannois
15929499,Cours particuliers,Anglais,Soutien scolaire,Anglais,2024-07-26 18:53:06.642624,2024-07-26 18:53:06.626949,05.08.2024,12.00,17.00,1.00,ch,Lausanne,Vaud,Lausanne,1004,1,2024-07-26 18:53:06.626934,NULL,2024-08-05 10:00:09.134459,NULL,NULL,NULL,2024-07-26 18:53:34.652257,NULL,NULL,17.00,25.00,1.00,NULL,NULL,POSTULATED,Anglais,Cours particuliers,Soutien scolaire,ch,Vaud,Lausanne
18148163,Animaux,Garde de chat,Garde d'animaux,Garde de chat,2024-07-10 09:23:35.834324,2024-07-10 09:23:35.824035,20.07.2024,NULL,24.00,NULL,ch,Morges,Vaud,Echandens,1026,1,2024-07-10 09:23:35.824022,NULL,2024-07-21 00:00:07.865944,NULL,NULL,04.08.2024,2024-07-10 09:25:16.807004,NULL,NULL,24.00,24.00,NULL,NULL,NULL,POSTULATED,Garde de chat,Animaux,Garde d'animaux,ch,Vaud,Morges
20795962,Ménage,Autre service de ménage,Ménage,Nettoyage de stores en métal avec notre Kärcher,2024-07-10 09:32:23.306863,2024-07-10 09:32:23.292649,15.07.2024,10.00,24.00,3.00,ch,Morges,Vaud,Denges,1026,1,2024-07-10 09:32:23.292634,2024-07-10 18:47:05.024905,2024-07-13 13:09:46.947566,PAID,NULL,NULL,2024-07-10 09:33:51.689063,NULL,NULL,24.00,25.00,3.00,NULL,NULL,POSTULATED,Autre service de ménage,Ménage,Ménage,ch,Vaud,Morges
15828900,Ménage,Ménage à domicile,Ménage,Ménage à domicile,2024-07-28 17:12:30.973636,2024-07-28 17:12:30.969026,31.07.2024,17.00,24.00,1.00,ch,Morges,Vaud,Morges,1110,1,2024-07-28 17:12:30.969012,NULL,2024-07-31 15:00:08.552419,NULL,NULL,NULL,NULL,NULL,NULL,24.00,27.00,1.00,NULL,NULL,POSTULATED,Ménage à domicile,Ménage,Ménage,ch,Vaud,Morges
18605142,Aménagement,Assemblage de meubles,Petit bricolage,Assemblage de meubles,2024-07-11 13:38:22.081496,2024-07-11 13:38:22.070118,23.07.2024,13.50,29.00,4.00,ch,L'Ouest Lausannois,Vaud,Prilly,1008,2,2024-07-11 13:38:22.070105,2024-07-11 14:07:08.944818,2024-07-24 08:56:18.829936,PAID,NULL,NULL,2024-07-11 13:38:23.958668,NULL,NULL,29.00,28.00,4.00,NULL,NULL,POSTULATED,Assemblage de meubles,Aménagement,Petit bricolage,ch,Vaud,L'Ouest Lausannois
15755058,Ménage,Ménage à domicile,Ménage,Ménage à domicile,2024-07-26 16:22:14.581829,2024-07-26 16:22:14.577554,28.07.2024,18.00,24.00,1.00,ch,Morges,Vaud,Morges,1110,1,2024-07-26 16:22:14.577542,2024-07-27 18:00:22.465272,2024-07-28 19:16:55.284581,PAID,NULL,NULL,2024-07-26 19:06:19.781899,2024-07-28 19:16:54.761707,NULL,24.00,27.00,1.00,0.00,27.00,PAID,Ménage à domicile,Ménage,Ménage,ch,Vaud,Morges
15757547,Ménage,Ménage à domicile,Ménage,Ménage à domicile,2024-07-28 07:54:03.461877,2024-07-28 07:54:03.458077,28.07.2024,19.00,24.00,1.00,ch,Morges,Vaud,Morges,1110,1,2024-07-28 07:54:03.458065,NULL,2024-07-28 17:00:06.084063,NULL,NULL,NULL,2024-07-28 11:20:26.926477,NULL,NULL,24.00,27.00,1.00,NULL,NULL,POSTULATED,Ménage à domicile,Ménage,Ménage,ch,Vaud,Morges
15812065,Animaux,Garde de chat,Garde d'animaux,Garde de chat,2024-07-30 12:18:02.987916,2024-07-30 12:18:02.973531,04.08.2024,NULL,24.00,NULL,ch,Lausanne,Vaud,Lausanne,1010,1,2024-07-30 12:18:02.973516,2024-07-30 20:04:46.807287,NULL,NULL,NULL,09.08.2024,2024-07-30 12:18:21.612387,NULL,NULL,24.00,24.00,NULL,NULL,NULL,POSTULATED,Garde de chat,Animaux,Garde d'animaux,ch,Vaud,Lausanne
17162025,Aide à domicile,Accompagnement en course,Aide à la personne,Accompagnement en course,2024-06-28 22:43:51.612385,2024-06-28 22:43:51.597101,29.06.2024,16.00,26.00,1.00,ch,Lausanne,Vaud,Lausanne,1004,1,2024-06-28 22:43:51.597088,NULL,2024-06-29 14:00:07.916418,NULL,NULL,NULL,2024-06-28 22:44:19.949344,NULL,NULL,26.00,24.00,1.00,NULL,NULL,POSTULATED,Accompagnement en course,Aide à domicile,Aide à la personne,ch,Vaud,Lausanne
17162026,Enfants,"Garde week-end, vacances",Garde d'enfants,"Garde week-end, vacances",2024-06-28 22:57:00.280765,2024-06-28 22:57:00.276918,03.07.2024,NULL,24.00,NULL,ch,Lausanne,Vaud,Lausanne,1004,1,2024-06-28 22:57:00.276903,NULL,2024-07-02 12:20:45.45511,NULL,NULL,04.07.2024,2024-06-28 22:57:25.549102,NULL,NULL,24.00,24.00,NULL,NULL,NULL,POSTULATED,"Garde week-end, vacances",Enfants,Garde d'enfants,ch,Vaud,Lausanne
17043861,Animaux,Faire promener son chien,Garde d'animaux,Faire promener son chien,2024-06-28 22:59:03.86593,2024-06-28 22:59:03.862404,29.06.2024,NULL,24.00,NULL,ch,Lausanne,Vaud,Lausanne,1004,1,2024-06-28 22:59:03.862391,NULL,2024-06-30 00:00:07.429991,NULL,NULL,12.07.2024,2024-06-28 22:59:22.078953,NULL,NULL,24.00,24.00,NULL,NULL,NULL,POSTULATED,Faire promener son chien,Animaux,Garde d'animaux,ch,Vaud,Lausanne
16668716,Animaux,Garde de chat,Garde d'animaux,Garde de chat,2024-06-23 22:55:55.225535,2024-06-23 22:55:55.221394,01.09.2024,NULL,24.00,NULL,ch,Lausanne,Vaud,Lausanne,1012,1,2024-06-23 22:55:55.221383,NULL,2024-09-02 00:00:12.00921,NULL,NULL,07.09.2024,2024-06-23 22:58:56.798308,NULL,NULL,24.00,24.00,NULL,NULL,NULL,POSTULATED,Garde de chat,Animaux,Garde d'animaux,ch,Vaud,Lausanne
18148135,Animaux,Garde de chat,Garde d'animaux,Garde de chat,2024-06-29 12:54:16.418012,2024-06-29 12:54:16.41392,20.07.2024,NULL,24.00,NULL,ch,L'Ouest Lausannois,Vaud,Crissier,1023,1,2024-06-29 12:54:16.4139,NULL,2024-07-01 16:48:29.88286,NULL,NULL,25.07.2024,2024-06-29 12:54:36.671393,NULL,NULL,24.00,24.00,NULL,NULL,NULL,POSTULATED,Garde de chat,Animaux,Garde d'animaux,ch,Vaud,L'Ouest Lausannois
15455899,Animaux,Garde de chat,Garde d'animaux,Garde de chat,2024-07-11 21:30:06.011386,2024-07-11 21:30:06.007616,05.08.2024,NULL,24.00,NULL,ch,Morges,Vaud,Saint-Prex,1162,1,2024-07-11 21:30:06.007604,2024-07-14 15:27:57.425755,NULL,NULL,NULL,12.08.2024,2024-07-11 21:30:31.559029,NULL,NULL,24.00,24.00,NULL,NULL,NULL,BOOKED,Garde de chat,Animaux,Garde d'animaux,ch,Vaud,Morges
15833146,Ménage,Ménage à domicile,Ménage,Ménage à domicile,2024-07-30 21:15:18.73735,2024-07-30 21:15:18.733323,04.08.2024,17.00,24.00,1.00,ch,Morges,Vaud,Morges,1110,1,2024-07-30 21:15:18.73331,NULL,2024-07-31 21:31:12.077437,NULL,NULL,NULL,2024-07-30 21:54:09.970333,NULL,NULL,24.00,27.00,1.00,NULL,NULL,POSTULATED,Ménage à domicile,Ménage,Ménage,ch,Vaud,Morges
15520304,Animaux,Garde de chat,Garde d'animaux,Garde de chat,2024-07-14 07:36:17.04932,2024-07-14 07:36:17.044103,20.07.2024,NULL,24.00,NULL,ch,L'Ouest Lausannois,Vaud,Crissier,1023,1,2024-07-14 07:36:17.044086,NULL,2024-07-17 07:17:14.883376,NULL,NULL,25.07.2024,2024-07-14 07:36:28.118415,NULL,NULL,24.00,24.00,NULL,NULL,NULL,POSTULATED,Garde de chat,Animaux,Garde d'animaux,ch,Vaud,L'Ouest Lausannois
15909981,Animaux,Garde de chat,Garde d'animaux,Garde de chat,2024-07-30 19:23:20.483687,2024-07-30 19:23:20.480062,04.08.2024,NULL,24.00,NULL,ch,Lausanne,Vaud,Lausanne,1018,1,2024-07-30 19:23:20.480049,NULL,2024-08-05 00:00:08.660604,NULL,NULL,04.08.2024,2024-07-30 19:23:39.153884,NULL,NULL,24.00,24.00,NULL,NULL,NULL,POSTULATED,Garde de chat,Animaux,Garde d'animaux,ch,Vaud,Lausanne
16669520,Animaux,Garde de chat,Garde d'animaux,Garde de chat,2024-07-30 12:34:35.400601,2024-07-30 12:34:35.392481,16.08.2024,NULL,24.00,NULL,ch,La Riviera-Pays-d'Enhaut,Vaud,Vevey,1800,1,2024-07-30 12:34:35.392467,NULL,2024-08-17 00:00:06.207166,NULL,NULL,22.08.2024,2024-07-30 12:35:02.501111,NULL,NULL,24.00,24.00,NULL,NULL,NULL,POSTULATED,Garde de chat,Animaux,Garde d'animaux,ch,Vaud,La Riviera-Pays-d'Enhaut
15908749,Aménagement,Assemblage de meubles,Petit bricolage,Assemblage de meubles,2024-07-28 15:04:09.611772,2024-07-28 15:04:09.606461,04.08.2024,12.50,29.00,2.00,ch,La Broye-Vully,Vaud,Moudon,1510,1,2024-07-28 15:04:09.606444,NULL,2024-08-04 11:00:07.955465,NULL,NULL,NULL,2024-07-28 15:04:11.447446,NULL,NULL,29.00,28.00,2.00,NULL,NULL,POSTULATED,Assemblage de meubles,Aménagement,Petit bricolage,ch,Vaud,La Broye-Vully
16229874,Ménage,Ménage à domicile,Ménage,Aide pour ménage fin de bail,2024-07-15 12:18:50.567643,2024-07-15 12:18:50.560731,13.08.2024,14.00,24.00,4.00,ch,L'Ouest Lausannois,Vaud,Ecublens,1024,1,2024-07-15 12:18:50.560716,2024-07-16 07:57:15.70619,2024-08-19 19:27:29.145518,CANCELED,CANCEL_CUSTOMER_CAUSE_JOBBER,NULL,2024-07-15 12:19:47.926289,NULL,NULL,24.00,25.00,4.00,NULL,NULL,POSTULATED,Ménage à domicile,Ménage,Ménage,ch,Vaud,L'Ouest Lausannois
16163190,Ménage,Ménage à domicile,Ménage,Ménage à domicile,2024-07-15 13:19:19.704798,2024-07-15 13:19:19.699078,12.08.2024,10.00,24.00,2.00,ch,L'Ouest Lausannois,Vaud,Renens,1020,1,2024-07-15 13:19:19.699063,2024-07-16 05:48:32.531044,2024-08-16 16:06:21.744111,CANCELED,CANCEL_CUSTOMER_CAUSE_JOBBER,NULL,2024-07-15 13:20:31.941207,NULL,NULL,24.00,25.00,2.00,NULL,NULL,POSTULATED,Ménage à domicile,Ménage,Ménage,ch,Vaud,L'Ouest Lausannois
17790057,Animaux,Faire promener son chien,Garde d'animaux,Faire promener son chien,2024-07-31 21:26:00.954404,2024-07-31 21:26:00.951063,30.08.2024,NULL,24.00,NULL,ch,L'Ouest Lausannois,Vaud,Renens,1020,1,2024-07-31 21:26:00.95105,NULL,2024-08-31 00:00:11.04551,NULL,NULL,31.08.2024,2024-07-31 21:26:17.197638,NULL,NULL,24.00,24.00,NULL,NULL,NULL,POSTULATED,Faire promener son chien,Animaux,Garde d'animaux,ch,Vaud,L'Ouest Lausannois
16669575,Animaux,Garde de chat,Garde d'animaux,Garde de chat,2024-07-31 21:22:00.392528,2024-07-31 21:22:00.380574,15.08.2024,NULL,24.00,NULL,ch,L'Ouest Lausannois,Vaud,Renens,1020,1,2024-07-31 21:22:00.38056,NULL,2024-08-16 00:00:06.131146,NULL,NULL,16.08.2024,2024-07-31 21:23:06.07188,NULL,NULL,24.00,24.00,NULL,NULL,NULL,POSTULATED,Garde de chat,Animaux,Garde d'animaux,ch,Vaud,L'Ouest Lausannois
16669151,Animaux,Garde de chat,Garde d'animaux,Garde de chat,2024-07-15 14:30:32.175485,2024-07-15 14:30:32.170744,14.08.2024,NULL,24.00,4.00,ch,Morges,Vaud,Morges,1110,1,2024-07-15 14:30:32.170732,NULL,2024-07-16 18:06:11.732505,NULL,NULL,17.08.2024,2024-07-15 14:36:53.668138,NULL,NULL,24.00,24.00,4.00,NULL,NULL,POSTULATED,Garde de chat,Animaux,Garde d'animaux,ch,Vaud,Morges
15503625,Aménagement,Démontage de meubles,Petit bricolage,Démontage de meubles,2024-07-16 09:11:29.5476,2024-07-16 09:11:29.520307,16.07.2024,17.00,32.00,3.00,ch,L'Ouest Lausannois,Vaud,Ecublens,1024,1,2024-07-16 09:11:29.520292,NULL,2024-07-16 15:00:08.990222,NULL,NULL,NULL,2024-07-16 09:11:31.370781,NULL,NULL,32.00,28.00,3.00,NULL,NULL,POSTULATED,Démontage de meubles,Aménagement,Petit bricolage,ch,Vaud,L'Ouest Lausannois
20801676,Ménage,Ménage à domicile,Ménage,Ménage à domicile,2024-07-16 10:48:05.123891,2024-07-16 10:48:05.12016,05.08.2024,10.00,24.00,3.00,ch,L'Ouest Lausannois,Vaud,Chavannes-près-Renens,1022,1,2024-07-16 10:48:05.120146,NULL,2024-08-05 08:00:12.40834,NULL,NULL,NULL,2024-07-16 10:50:10.35306,NULL,NULL,24.00,25.00,3.00,NULL,NULL,POSTULATED,Ménage à domicile,Ménage,Ménage,ch,Vaud,L'Ouest Lausannois
16669108,Animaux,Garde de chat,Garde d'animaux,Garde de chat,2024-07-14 12:23:06.987081,2024-07-14 12:23:06.971544,10.08.2024,NULL,24.00,NULL,ch,Lausanne,Vaud,Lausanne,1007,1,2024-07-14 12:23:06.971526,2024-07-16 18:26:53.618305,NULL,NULL,NULL,11.08.2024,2024-07-14 12:28:23.789893,NULL,NULL,24.00,24.00,NULL,NULL,NULL,POSTULATED,Garde de chat,Animaux,Garde d'animaux,ch,Vaud,Lausanne
15523831,Ménage,Repassage,Repassage,Repassage,2024-07-16 13:53:05.940971,2024-07-16 13:53:05.936859,18.07.2024,15.00,24.00,2.00,ch,Morges,Vaud,Morges,1110,1,2024-07-16 13:53:05.936845,2024-07-16 15:41:24.590644,2024-07-17 16:14:42.992464,CANCELED,CANCEL_CUSTOMER_CAUSE_JOBBER,NULL,2024-07-16 13:59:22.86843,NULL,2024-07-17 16:14:42.746615,24.00,24.00,2.00,NULL,NULL,CANCELED,Repassage,Ménage,Repassage,ch,Vaud,Morges
15524284,Ménage,Repassage,Repassage,Repassage,2024-07-16 16:52:28.363216,NULL,18.07.2024,15.00,24.00,2.00,ch,Morges,Vaud,Morges,1110,1,2024-07-16 16:52:28.359123,2024-07-17 00:43:14.86049,2024-07-17 14:41:23.881654,CANCELED,CANCEL_CUSTOMER_CAUSE_JOBBER,NULL,2024-07-16 17:09:44.036672,NULL,2024-07-17 14:41:23.583807,24.00,24.00,2.00,NULL,NULL,CANCELED,Repassage,Ménage,Repassage,ch,Vaud,Morges
20801857,Ménage,Ménage à domicile,Ménage,Ménage à domicile,2024-08-01 21:52:02.923015,2024-08-01 21:52:02.919131,05.08.2024,12.00,24.00,2.50,ch,Lausanne,Vaud,Lausanne,1018,1,2024-08-01 21:52:02.919114,NULL,2024-08-05 10:00:10.800864,NULL,NULL,NULL,2024-08-01 21:52:34.207145,NULL,NULL,24.00,26.00,2.50,NULL,NULL,POSTULATED,Ménage à domicile,Ménage,Ménage,ch,Vaud,Lausanne
18464525,Aide à domicile,Préparer des repas,Aide à la personne,Préparer des repas,2024-12-03 20:27:29.644219,2024-12-03 20:27:29.640604,15.12.2024,12.00,24.00,1.50,ch,La Veveyse,Fribourg,Remaufens,1617,1,2024-12-03 20:27:29.64059,NULL,2024-12-15 11:00:14.436417,NULL,NULL,NULL,2024-12-03 20:30:06.414504,NULL,NULL,24.00,24.00,1.50,NULL,NULL,POSTULATED,Préparer des repas,Aide à domicile,Aide à la personne,ch,Fribourg,La Veveyse
18841428,Ménage,Repassage,Repassage,Repassage,2024-12-03 20:03:59.934308,2024-12-03 20:03:59.922473,10.01.2025,14.50,12.00,2.00,ch,L'Ouest Lausannois,Vaud,Renens,1020,1,2024-12-03 20:03:59.922453,NULL,2025-01-10 14:00:08.735523,NULL,NULL,NULL,2024-12-03 20:04:53.501668,NULL,NULL,12.00,24.00,2.00,NULL,NULL,POSTULATED,Repassage,Ménage,Repassage,ch,Vaud,L'Ouest Lausannois
18859686,Ménage,Ménage à domicile,Ménage,Repassage ao domicile ,2024-12-03 20:01:04.170675,2024-12-03 20:01:04.154626,11.01.2025,14.50,24.00,2.00,ch,L'Ouest Lausannois,Vaud,Renens,1020,1,2024-12-03 20:01:04.154613,NULL,2025-01-11 14:00:09.677112,NULL,NULL,NULL,2024-12-03 20:02:31.066756,NULL,NULL,24.00,25.00,2.00,NULL,NULL,POSTULATED,Ménage à domicile,Ménage,Ménage,ch,Vaud,L'Ouest Lausannois
18606519,Animaux,Garde de chat,Garde d'animaux,Garde de chat,2024-12-03 09:55:01.118079,2024-12-03 09:55:01.113064,25.12.2024,NULL,24.00,NULL,ch,L'Ouest Lausannois,Vaud,Prilly,1008,1,2024-12-03 09:55:01.113036,NULL,2024-12-26 00:00:07.542357,NULL,NULL,13.01.2025,2024-12-03 09:55:20.432983,NULL,NULL,24.00,24.00,NULL,NULL,NULL,POSTULATED,Garde de chat,Animaux,Garde d'animaux,ch,Vaud,L'Ouest Lausannois
18478851,Animaux,Garde de chat,Garde d'animaux,Garde de chat,2024-11-23 18:36:48.203032,2024-11-23 18:36:48.198602,24.12.2024,NULL,24.00,NULL,ch,Lausanne,Vaud,Epalinges,1066,1,2024-11-23 18:36:48.198585,2024-12-16 12:53:04.602679,NULL,NULL,NULL,28.12.2024,2024-11-23 18:37:01.213717,NULL,NULL,24.00,24.00,NULL,NULL,NULL,POSTULATED,Garde de chat,Animaux,Garde d'animaux,ch,Vaud,Lausanne
18995533,Ménage,Ménage à domicile,Ménage,Ménage à domicile,2025-01-01 20:03:40.835038,2025-01-01 20:03:40.821638,18.01.2025,11.50,24.00,2.00,ch,Lausanne,Vaud,Lausanne,1005,1,2025-01-01 20:03:40.821625,2025-01-10 16:15:24.89843,2025-01-15 06:20:25.166301,CANCELED,CANCEL_CUSTOMER,NULL,2025-01-01 20:04:11.977366,NULL,NULL,24.00,26.00,2.00,NULL,NULL,POSTULATED,Ménage à domicile,Ménage,Ménage,ch,Vaud,Lausanne
20464352,Équipements extérieurs,Nettoyage de terrasse,Entretien des extérieurs,Nettoyage de terrasse,2025-04-07 12:37:43.721879,2025-04-07 12:37:43.714598,17.04.2025,14.50,19.00,1.00,ch,Lausanne,Vaud,Lausanne,1010,1,2025-04-07 12:37:43.714581,NULL,2025-04-10 20:42:50.399876,NULL,NULL,NULL,2025-04-07 12:38:06.290804,NULL,NULL,19.00,27.00,1.00,NULL,NULL,POSTULATED,Nettoyage de terrasse,Équipements extérieurs,Entretien des extérieurs,ch,Vaud,Lausanne
20927209,Animaux,Garde de chat,Garde d'animaux,Garde de chat,2025-04-04 16:20:31.971349,2025-04-04 16:20:31.949867,05.05.2025,NULL,24.00,NULL,ch,Lavaux-Oron,Vaud,Lutry,1095,1,2025-04-04 16:20:31.949853,NULL,2025-05-03 22:28:35.444467,NULL,NULL,27.05.2025,2025-04-04 16:20:42.514236,NULL,NULL,24.00,24.00,NULL,NULL,NULL,POSTULATED,Garde de chat,Animaux,Garde d'animaux,ch,Vaud,Lavaux-Oron
20498400,Ménage,Ménage à domicile,Ménage,Ménage à domicile,2025-04-04 23:44:10.455563,2025-04-04 23:44:10.439833,12.04.2025,11.50,24.00,2.00,ch,Lausanne,Vaud,Lausanne,1010,1,2025-04-04 23:44:10.43982,NULL,2025-04-12 10:00:16.136211,NULL,NULL,NULL,2025-04-05 00:09:31.938922,NULL,NULL,24.00,25.00,2.00,NULL,NULL,POSTULATED,Ménage à domicile,Ménage,Ménage,ch,Vaud,Lausanne
20728751,Ménage,Ménage à domicile,Ménage,Ménage à domicile,2025-03-31 05:02:44.865113,2025-03-31 05:02:44.847689,11.04.2025,14.00,24.00,2.50,ch,Lavaux-Oron,Vaud,Chexbres,1071,1,2025-03-31 05:02:44.847675,NULL,2025-04-11 12:00:11.664827,NULL,NULL,NULL,2025-03-31 05:05:10.842405,NULL,NULL,24.00,26.00,2.50,NULL,NULL,POSTULATED,Ménage à domicile,Ménage,Ménage,ch,Vaud,Lavaux-Oron
20767162,Ménage,Ménage de printemps,Ménage,Ménage de printemps,2025-04-08 09:49:54.036799,2025-04-08 09:49:54.020833,26.04.2025,14.00,24.00,3.00,ch,Lausanne,Vaud,Lausanne,1018,1,2025-04-08 09:49:54.020819,NULL,2025-04-09 20:06:33.132379,NULL,NULL,NULL,2025-04-08 09:57:27.977293,NULL,NULL,24.00,26.00,3.00,NULL,NULL,POSTULATED,Ménage de printemps,Ménage,Ménage,ch,Vaud,Lausanne
20497720,Ménage,Ménage à domicile,Ménage,Housekeeping,2025-04-01 09:13:21.270965,2025-04-01 09:13:21.250252,12.04.2025,11.00,24.00,2.00,ch,Lavaux-Oron,Vaud,Pully,1009,1,2025-04-01 09:13:21.25024,NULL,2025-04-12 09:00:14.905904,NULL,NULL,NULL,2025-04-01 09:13:45.369313,NULL,NULL,24.00,26.00,2.00,NULL,NULL,POSTULATED,Ménage à domicile,Ménage,Ménage,ch,Vaud,Lavaux-Oron
20573837,Ménage,Ménage à domicile,Ménage,Ménage à domicile,2025-04-07 18:28:57.577175,2025-04-07 18:28:57.573297,16.04.2025,12.00,24.00,2.50,ch,Lausanne,Vaud,Lausanne,1018,1,2025-04-07 18:28:57.573286,NULL,2025-04-16 10:00:15.894138,NULL,NULL,NULL,2025-04-07 18:29:00.491394,NULL,NULL,24.00,26.00,2.50,NULL,NULL,POSTULATED,Ménage à domicile,Ménage,Ménage,ch,Vaud,Lausanne
20608539,Animaux,Garde de chat,Garde d'animaux,Garde de chat,2025-03-31 19:00:46.120069,2025-03-31 19:03:07.888021,17.04.2025,NULL,24.00,NULL,ch,Lavaux-Oron,Vaud,Pully,1009,1,2025-03-31 19:03:07.888005,NULL,2025-04-18 00:00:12.36357,NULL,NULL,22.04.2025,2025-03-31 19:03:46.192505,NULL,NULL,24.00,24.00,NULL,NULL,NULL,POSTULATED,Garde de chat,Animaux,Garde d'animaux,ch,Vaud,Lavaux-Oron
20467754,Aménagement,Montage de meubles IKEA,Petit bricolage,Montage de meubles IKEA,2025-04-03 07:29:36.589035,2025-04-03 07:29:36.585318,10.04.2025,15.50,29.00,2.00,ch,Lausanne,Vaud,Lausanne,1004,1,2025-04-03 07:29:36.585306,NULL,2025-04-10 14:00:09.317767,NULL,NULL,NULL,2025-04-03 07:29:39.501659,NULL,NULL,29.00,30.00,2.00,NULL,NULL,POSTULATED,Montage de meubles IKEA,Aménagement,Petit bricolage,ch,Vaud,Lausanne
19169674,Ménage,Ménage d'état des lieux,Ménage,Ménage d'état des lieux,2025-01-05 20:21:32.702174,2025-01-05 20:21:42.06647,28.01.2025,12.00,24.00,6.00,ch,L'Ouest Lausannois,Vaud,Renens,1020,1,2025-01-05 20:21:42.066453,2025-01-10 05:03:54.499058,2025-01-28 17:33:34.954448,PAID,NULL,NULL,2025-01-05 20:22:59.305821,NULL,NULL,24.00,26.00,6.00,NULL,NULL,POSTULATED,Ménage d'état des lieux,Ménage,Ménage,ch,Vaud,L'Ouest Lausannois
20803038,Ménage,Ménage de printemps,Ménage,Gros ménage de fond avant accouchement ,2024-12-12 15:01:57.662385,2024-12-12 15:01:57.656264,03.02.2025,12.00,12.00,4.00,ch,Ouest lausannois,Vaud,Bussigny,1030,1,2024-12-12 15:01:57.656249,NULL,2025-02-03 11:00:09.952141,NULL,NULL,NULL,2024-12-12 15:08:32.670681,NULL,NULL,12.00,26.00,4.00,NULL,NULL,POSTULATED,Ménage de printemps,Ménage,Ménage,ch,Vaud,Ouest lausannois
20959776,Entretien de la pelouse,Désherbage,Petit jardinage,Désherbage,2025-04-29 09:29:06.596993,2025-04-29 09:29:06.585313,05.05.2025,19.50,24.00,2.00,ch,Lavaux-Oron,Vaud,Pully,1009,1,2025-04-29 09:29:06.585302,2025-04-30 14:13:04.971347,2025-05-05 18:13:11.091083,PAID,NULL,NULL,2025-04-29 13:23:58.670526,NULL,NULL,24.00,24.00,2.00,NULL,NULL,POSTULATED,Désherbage,Entretien de la pelouse,Petit jardinage,ch,Vaud,Lavaux-Oron
16418688,Animaux,Garde de chat,Garde d'animaux,Garde de chat,2024-08-27 05:02:33.19608,2024-08-27 05:02:33.179074,12.09.2024,NULL,24.00,NULL,ch,Lausanne,Vaud,Lausanne,1004,1,2024-08-27 05:02:33.179061,NULL,2024-08-27 13:13:46.046496,NULL,NULL,17.09.2024,2024-08-27 05:09:50.473045,NULL,NULL,24.00,24.00,NULL,NULL,NULL,POSTULATED,Garde de chat,Animaux,Garde d'animaux,ch,Vaud,Lausanne
16418690,Animaux,Garde de chat,Garde d'animaux,Garde de chat,2024-08-27 05:06:16.092661,2024-08-27 05:06:16.08886,12.09.2024,NULL,24.00,NULL,ch,Lausanne,Vaud,Lausanne,1004,1,2024-08-27 05:06:16.088845,NULL,2024-08-27 13:11:00.91436,NULL,NULL,17.09.2024,2024-08-27 05:06:45.740986,NULL,NULL,24.00,24.00,NULL,NULL,NULL,POSTULATED,Garde de chat,Animaux,Garde d'animaux,ch,Vaud,Lausanne
17790226,Animaux,Garde de chat,Garde d'animaux,Garde de chat,2024-08-19 11:23:59.927207,2024-08-19 11:23:59.912138,13.09.2024,NULL,24.00,NULL,ch,Morges,Vaud,Saint-Prex,1162,1,2024-08-19 11:23:59.912123,NULL,2024-09-14 00:00:07.459242,NULL,NULL,23.09.2024,2024-08-19 11:24:22.484519,NULL,NULL,24.00,24.00,NULL,NULL,NULL,POSTULATED,Garde de chat,Animaux,Garde d'animaux,ch,Vaud,Morges
18717355,Animaux,Garde de chat,Garde d'animaux,Garde de chat,2024-11-30 10:57:08.052508,2024-11-30 10:57:08.048731,21.12.2024,NULL,24.00,NULL,ch,Morges,Vaud,Morges,1110,1,2024-11-30 10:57:08.048719,2024-12-08 18:32:59.663984,2025-01-02 16:31:31.35748,CANCELED,CANCEL_CUSTOMER,28.12.2024,2024-11-30 11:00:16.469975,NULL,NULL,24.00,24.00,NULL,NULL,NULL,POSTULATED,Garde de chat,Animaux,Garde d'animaux,ch,Vaud,Morges
18277039,Animaux,Garde de chat,Garde d'animaux,Garde de 2 chats de 7 ans,2024-11-28 14:35:22.775285,2024-11-28 14:35:22.759568,24.12.2024,NULL,24.00,NULL,ch,L'Ouest Lausannois,Vaud,Ecublens,1024,1,2024-11-28 14:35:22.759553,2024-12-04 10:44:54.821752,NULL,NULL,NULL,05.01.2025,2024-11-28 14:35:42.194102,NULL,NULL,24.00,24.00,NULL,NULL,NULL,POSTULATED,Garde de chat,Animaux,Garde d'animaux,ch,Vaud,L'Ouest Lausannois
18595593,Animaux,Garde de chat,Garde d'animaux,Garde de chat,2024-11-27 21:42:29.975189,2024-11-27 21:42:29.96077,24.12.2024,NULL,24.00,NULL,ch,L'Ouest Lausannois,Vaud,Prilly,1008,1,2024-11-27 21:42:29.960752,NULL,2024-12-25 00:00:08.102098,NULL,NULL,27.12.2024,2024-11-27 21:43:16.397091,NULL,NULL,24.00,24.00,NULL,NULL,NULL,POSTULATED,Garde de chat,Animaux,Garde d'animaux,ch,Vaud,L'Ouest Lausannois
18223456,Ménage,Ménage à domicile,Ménage,Ménage à domicile,2024-08-06 23:15:38.758715,2024-08-06 23:15:38.75455,10.08.2024,14.00,24.00,3.00,ch,Ouest lausannois,Vaud,Bussigny,1030,1,2024-08-06 23:15:38.754537,NULL,2024-08-10 12:00:09.298003,NULL,NULL,NULL,2024-08-06 23:15:40.5828,NULL,NULL,24.00,27.00,3.00,NULL,NULL,POSTULATED,Ménage à domicile,Ménage,Ménage,ch,Vaud,Ouest lausannois
20918166,Animaux,Faire promener son chien,Garde d'animaux,De hond uitlaten,2025-04-29 06:00:20.574277,2025-04-29 08:05:28.367902,06.05.2025,NULL,24.00,NULL,ch,Lausanne,Vaud,Lausanne,1006,1,2025-04-29 08:05:28.367892,NULL,NULL,NULL,NULL,06.05.2025,2025-04-29 08:12:34.468053,NULL,NULL,24.00,24.00,NULL,NULL,NULL,POSTULATED,Faire promener son chien,Animaux,Garde d'animaux,ch,Vaud,Lausanne
20950235,Ménage,Ménage à domicile,Ménage,Ménage à domicile,2025-04-27 16:06:35.73862,2025-04-27 16:06:35.724882,02.05.2025,13.50,24.00,3.00,ch,Lausanne,Vaud,Lausanne,1004,1,2025-04-27 16:06:35.724871,NULL,2025-05-02 12:00:11.364884,NULL,NULL,NULL,2025-04-27 16:06:53.263061,NULL,NULL,24.00,26.00,3.00,NULL,NULL,POSTULATED,Ménage à domicile,Ménage,Ménage,ch,Vaud,Lausanne
20947827,Ménage,Ménage à domicile,Ménage,Ménage à domicile,2025-04-16 20:38:37.049554,2025-04-16 20:38:37.045655,02.05.2025,13.50,24.00,3.00,ch,L'Ouest Lausannois,Vaud,Renens,1020,1,2025-04-16 20:38:37.045646,NULL,2025-05-02 12:00:10.688796,NULL,NULL,NULL,2025-04-16 20:38:57.356822,NULL,NULL,24.00,26.00,3.00,NULL,NULL,POSTULATED,Ménage à domicile,Ménage,Ménage,ch,Vaud,L'Ouest Lausannois
20930199,Aménagement,Assemblage de meubles,Petit bricolage,Assemblage de meubles,2025-04-29 13:31:36.500291,2025-04-29 13:31:36.496239,03.05.2025,13.50,29.00,2.00,ch,Lausanne,Vaud,Lausanne,1004,1,2025-04-29 13:31:36.49623,2025-05-01 16:37:28.180969,2025-05-03 15:01:21.706966,PAID,NULL,NULL,2025-04-29 13:31:51.165846,NULL,NULL,29.00,30.00,2.00,NULL,NULL,POSTULATED,Assemblage de meubles,Aménagement,Petit bricolage,ch,Vaud,Lausanne